dur1,dur2,dur3,dur4,dur5,label
487,514,503,0,0,O
449,398,410,0,0,O
519,474,542,0,0,O
476,492,501,0,0,O
509,485,471,0,0,O
464,472,472,0,0,O
392,428,468,0,0,O
505,480,515,0,0,O
363,420,396,0,0,O
468,475,538,0,0,O
445,485,487,0,0,O
515,452,469,0,0,O
423,480,456,0,0,O
478,448,462,0,0,O
470,509,499,0,0,O
498,469,464,0,0,O
395,420,452,0,0,O
481,499,507,0,0,O
462,446,496,0,0,O
489,478,488,0,0,O
480,500,490,0,0,O
495,485,510,0,0,O
470,475,480,0,0,O
500,490,480,0,0,O
460,465,470,0,0,O
485,490,495,0,0,O
475,480,485,0,0,O
510,505,495,0,0,O
455,460,465,0,0,O
490,495,500,0,0,O
470,480,475,0,0,O
480,470,490,0,0,O
490,495,485,0,0,O
475,485,490,0,0,O
500,490,505,0,0,O
465,470,475,0,0,O
480,485,490,0,0,O
490,495,480,0,0,O
470,475,480,0,0,O
505,510,490,0,0,O
485,490,495,0,0,O
475,480,485,0,0,O
490,495,500,0,0,O
460,465,470,0,0,O
485,490,495,0,0,O
475,480,485,0,0,O
510,505,495,0,0,O
455,460,465,0,0,O
490,495,500,0,0,O
470,480,475,0,0,O
128,112,121,0,0,S
137,97,123,0,0,S
114,109,115,0,0,S
94,102,118,0,0,S
118,117,111,0,0,S
109,132,127,0,0,S
110,111,94,0,0,S
102,93,91,0,0,S
89,143,105,0,0,S
110,93,102,0,0,S
71,64,89,0,0,S
123,107,124,0,0,S
152,122,103,0,0,S
163,83,107,0,0,S
160,112,125,0,0,S
114,102,134,0,0,S
160,121,115,0,0,S
121,106,113,0,0,S
107,106,113,0,0,S
100,109,113,0,0,S
98,118,117,0,0,S
113,104,110,0,0,S
124,131,156,0,0,S
107,105,105,0,0,S
134,118,126,0,0,S
86,77,83,0,0,S
72,103,115,0,0,S
227,253,210,0,0,S
140,109,101,0,0,S
130,100,123,0,0,S
75,92,116,0,0,S
142,108,125,0,0,S
84,90,109,0,0,S
105,117,99,0,0,S
108,101,96,0,0,S
87,116,115,0,0,S
90,104,93,0,0,S
103,124,109,0,0,S
102,117,105,0,0,S
136,141,123,0,0,S
105,117,114,0,0,S
102,96,109,0,0,S
112,114,108,0,0,S
89,117,104,0,0,S
87,60,98,0,0,S
100,100,100,0,0,S
105,95,105,0,0,S
95,105,95,0,0,S
110,90,110,0,0,S
90,110,90,0,0,S
103,102,103,0,0,S
97,99,97,0,0,S
108,94,108,0,0,S
100,100,100,0,0,S
105,95,105,0,0,S
765,0,0,0,0,T
810,0,0,0,0,T
720,0,0,0,0,T
787,0,0,0,0,T
832,0,0,0,0,T
750,0,0,0,0,T
795,0,0,0,0,T
735,0,0,0,0,T
817,0,0,0,0,T
780,0,0,0,0,T
765,0,0,0,0,T
750,0,0,0,0,T
795,0,0,0,0,T
735,0,0,0,0,T
832,0,0,0,0,T
780,0,0,0,0,T
765,0,0,0,0,T
810,0,0,0,0,T
720,0,0,0,0,T
750,0,0,0,0,T
770,0,0,0,0,T
790,0,0,0,0,T
740,0,0,0,0,T
800,0,0,0,0,T
760,0,0,0,0,T
785,0,0,0,0,T
755,0,0,0,0,T
820,0,0,0,0,T
730,0,0,0,0,T
775,0,0,0,0,T
760,0,0,0,0,T
780,0,0,0,0,T
750,0,0,0,0,T
815,0,0,0,0,T
725,0,0,0,0,T
770,0,0,0,0,T
790,0,0,0,0,T
740,0,0,0,0,T
800,0,0,0,0,T
760,0,0,0,0,T
785,0,0,0,0,T
755,0,0,0,0,T
820,0,0,0,0,T
730,0,0,0,0,T
775,0,0,0,0,T
760,0,0,0,0,T
780,0,0,0,0,T
750,0,0,0,0,T
815,0,0,0,0,T
725,0,0,0,0,T
98,0,0,0,0,E
105,0,0,0,0,E
110,0,0,0,0,E
95,0,0,0,0,E
102,0,0,0,0,E
108,0,0,0,0,E
97,0,0,0,0,E
103,0,0,0,0,E
112,0,0,0,0,E
99,0,0,0,0,E
100,0,0,0,0,E
106,0,0,0,0,E
94,0,0,0,0,E
101,0,0,0,0,E
107,0,0,0,0,E
109,0,0,0,0,E
104,0,0,0,0,E
96,0,0,0,0,E
111,0,0,0,0,E
93,0,0,0,0,E
100,0,0,0,0,E
105,0,0,0,0,E
95,0,0,0,0,E
110,0,0,0,0,E
90,0,0,0,0,E
103,0,0,0,0,E
97,0,0,0,0,E
108,0,0,0,0,E
94,0,0,0,0,E
101,0,0,0,0,E
105,0,0,0,0,E
99,0,0,0,0,E
102,0,0,0,0,E
107,0,0,0,0,E
96,0,0,0,0,E
100,0,0,0,0,E
105,0,0,0,0,E
95,0,0,0,0,E
110,0,0,0,0,E
90,0,0,0,0,E
103,0,0,0,0,E
97,0,0,0,0,E
108,0,0,0,0,E
94,0,0,0,0,E
101,0,0,0,0,E
103,750,0,0,0,A
97,735,0,0,0,A
108,795,0,0,0,A
94,705,0,0,0,A
101,757,0,0,0,A
105,802,0,0,0,A
99,727,0,0,0,A
102,772,0,0,0,A
107,750,0,0,0,A
96,757,0,0,0,A
100,750,0,0,0,A
105,787,0,0,0,A
95,705,0,0,0,A
110,825,0,0,0,A
90,690,0,0,0,A
103,750,0,0,0,A
97,735,0,0,0,A
108,795,0,0,0,A
94,705,0,0,0,A
101,757,0,0,0,A
105,802,0,0,0,A
99,727,0,0,0,A
102,772,0,0,0,A
107,750,0,0,0,A
96,757,0,0,0,A
100,750,0,0,0,A
105,787,0,0,0,A
95,705,0,0,0,A
110,825,0,0,0,A
90,690,0,0,0,A
103,750,0,0,0,A
97,735,0,0,0,A
108,795,0,0,0,A
94,705,0,0,0,A
101,757,0,0,0,A
105,802,0,0,0,A
99,727,0,0,0,A
102,772,0,0,0,A
107,750,0,0,0,A
96,757,0,0,0,A
100,750,0,0,0,A
105,787,0,0,0,A
95,705,0,0,0,A
110,825,0,0,0,A
90,690,0,0,0,A
757,98,0,0,0,N
727,105,0,0,0,N
787,96,0,0,0,N
705,102,0,0,0,N
750,99,0,0,0,N
802,100,0,0,0,N
735,103,0,0,0,N
750,97,0,0,0,N
772,101,0,0,0,N
712,104,0,0,0,N
750,100,0,0,0,N
787,95,0,0,0,N
705,105,0,0,0,N
825,90,0,0,0,N
690,110,0,0,0,N
750,103,0,0,0,N
735,97,0,0,0,N
795,108,0,0,0,N
705,94,0,0,0,N
757,101,0,0,0,N
802,105,0,0,0,N
727,99,0,0,0,N
772,102,0,0,0,N
750,107,0,0,0,N
757,96,0,0,0,N
750,100,0,0,0,N
787,95,0,0,0,N
705,105,0,0,0,N
825,90,0,0,0,N
690,110,0,0,0,N
750,103,0,0,0,N
735,97,0,0,0,N
795,108,0,0,0,N
705,94,0,0,0,N
757,101,0,0,0,N
802,105,0,0,0,N
727,99,0,0,0,N
772,102,0,0,0,N
750,107,0,0,0,N
757,96,0,0,0,N
95,103,0,0,0,I
102,97,0,0,0,I
108,110,0,0,0,I
93,100,0,0,0,I
100,105,0,0,0,I
106,98,0,0,0,I
97,104,0,0,0,I
103,99,0,0,0,I
109,101,0,0,0,I
94,106,0,0,0,I
100,100,0,0,0,I
105,95,0,0,0,I
95,105,0,0,0,I
110,90,0,0,0,I
90,110,0,0,0,I
103,102,0,0,0,I
97,99,0,0,0,I
108,94,0,0,0,I
94,101,0,0,0,I
101,105,0,0,0,I
105,99,0,0,0,I
99,102,0,0,0,I
102,107,0,0,0,I
107,96,0,0,0,I
96,103,0,0,0,I
100,100,0,0,0,I
105,95,0,0,0,I
95,105,0,0,0,I
110,90,0,0,0,I
90,110,0,0,0,I
103,102,0,0,0,I
97,99,0,0,0,I
108,94,0,0,0,I
94,101,0,0,0,I
101,105,0,0,0,I
105,99,0,0,0,I
99,102,0,0,0,I
102,107,0,0,0,I
107,96,0,0,0,I
96,103,0,0,0,I
750,750,0,0,0,M
735,735,0,0,0,M
787,705,0,0,0,M
705,787,0,0,0,M
750,757,0,0,0,M
795,727,0,0,0,M
712,772,0,0,0,M
772,712,0,0,0,M
727,795,0,0,0,M
757,750,0,0,0,M
750,750,0,0,0,M
787,787,0,0,0,M
705,705,0,0,0,M
825,825,0,0,0,M
690,690,0,0,0,M
750,750,0,0,0,M
735,735,0,0,0,M
795,795,0,0,0,M
705,705,0,0,0,M
757,757,0,0,0,M
802,802,0,0,0,M
727,727,0,0,0,M
772,772,0,0,0,M
750,750,0,0,0,M
757,757,0,0,0,M
750,750,0,0,0,M
787,787,0,0,0,M
705,705,0,0,0,M
825,825,0,0,0,M
690,690,0,0,0,M
750,750,0,0,0,M
735,735,0,0,0,M
795,795,0,0,0,M
705,705,0,0,0,M
757,757,0,0,0,M
802,802,0,0,0,M
727,727,0,0,0,M
772,772,0,0,0,M
750,750,0,0,0,M
757,757,0,0,0,M
98,750,102,105,0,L
105,735,97,100,0,L
102,787,108,95,0,L
95,705,93,103,0,L
100,757,105,98,0,L
103,802,99,101,0,L
97,727,104,96,0,L
101,772,96,102,0,L
106,750,100,107,0,L
94,757,101,99,0,L
100,750,100,100,0,L
105,787,105,95,0,L
95,705,95,105,0,L
110,825,110,90,0,L
90,690,90,110,0,L
103,750,103,102,0,L
97,735,97,99,0,L
108,795,108,94,0,L
94,705,94,101,0,L
101,757,101,105,0,L
105,802,105,99,0,L
99,727,99,102,0,L
102,772,102,107,0,L
107,750,107,96,0,L
96,757,96,103,0,L
100,750,100,100,0,L
105,787,105,95,0,L
95,705,95,105,0,L
110,825,110,90,0,L
90,690,90,110,0,L
103,750,103,102,0,L
97,735,97,99,0,L
108,795,108,94,0,L
94,705,94,101,0,L
101,757,101,105,0,L
105,802,105,99,0,L
103,802,99,101,0,L
97,727,104,96,0,L
101,772,96,102,0,L
106,750,100,107,0,L
94,757,101,99,0,L
97,750,102,0,0,R
105,735,97,0,0,R
102,787,108,0,0,R
95,705,93,0,0,R
100,757,105,0,0,R
103,802,99,0,0,R
97,727,104,0,0,R
101,772,96,0,0,R
106,750,100,0,0,R
94,757,101,0,0,R
100,750,100,0,0,R
105,787,105,0,0,R
95,705,95,0,0,R
110,825,110,0,0,R
90,690,90,0,0,R
103,750,103,0,0,R
97,735,97,0,0,R
108,795,108,0,0,R
94,705,94,0,0,R
101,757,101,0,0,R
105,802,105,0,0,R
99,727,99,0,0,R
102,772,102,0,0,R
107,750,107,0,0,R
96,757,96,0,0,R
100,750,100,0,0,R
105,787,105,0,0,R
95,705,95,0,0,R
110,825,110,0,0,R
90,690,90,0,0,R
103,750,103,0,0,R
97,735,97,0,0,R
108,795,108,0,0,R
94,705,94,0,0,R
101,757,101,0,0,R
105,802,105,0,0,R
99,727,99,0,0,R
102,772,102,0,0,R
107,750,107,0,0,R
96,757,96,0,0,R
100,750,0,0,0,A
105,787,0,0,0,A
95,705,0,0,0,A
110,825,0,0,0,A
90,690,0,0,0,A
103,750,0,0,0,A
97,735,0,0,0,A
108,795,0,0,0,A
94,705,0,0,0,A
101,757,0,0,0,A
105,802,0,0,0,A
99,727,0,0,0,A
102,772,0,0,0,A
107,750,0,0,0,A
96,757,0,0,0,A
100,750,0,0,0,A
105,787,0,0,0,A
95,705,0,0,0,A
110,825,0,0,0,A
90,690,0,0,0,A
103,750,0,0,0,A
97,735,0,0,0,A
108,795,0,0,0,A
94,705,0,0,0,A
101,757,0,0,0,A
105,802,0,0,0,A
99,727,0,0,0,A
102,772,0,0,0,A
107,750,0,0,0,A
96,757,0,0,0,A
100,750,0,0,0,A
105,787,0,0,0,A
95,705,0,0,0,A
110,825,0,0,0,A
90,690,0,0,0,A
103,750,0,0,0,A
97,735,0,0,0,A
108,795,0,0,0,A
94,705,0,0,0,A
101,757,0,0,0,A
105,802,0,0,0,A
99,727,0,0,0,A
102,772,0,0,0,A
107,750,0,0,0,A
96,757,0,0,0,A
750,100,100,100,0,B
787,95,105,90,0,B
705,105,95,100,0,B
825,90,110,105,0,B
690,110,90,95,0,B
750,103,102,101,0,B
735,97,99,104,0,B
795,108,94,103,0,B
705,94,101,97,0,B
757,101,105,99,0,B
802,105,99,102,0,B
727,99,102,107,0,B
772,102,107,96,0,B
750,107,96,103,0,B
757,96,103,100,0,B
750,100,100,100,0,B
787,95,105,90,0,B
705,105,95,100,0,B
825,90,110,105,0,B
690,110,90,95,0,B
750,103,102,101,0,B
735,97,99,104,0,B
795,108,94,103,0,B
705,94,101,97,0,B
757,101,105,99,0,B
802,105,99,102,0,B
727,99,102,107,0,B
772,102,107,96,0,B
750,107,96,103,0,B
757,96,103,100,0,B
750,100,100,100,0,B
787,95,105,90,0,B
705,105,95,100,0,B
825,90,110,105,0,B
690,110,90,95,0,B
750,103,102,101,0,B
735,97,99,104,0,B
795,108,94,103,0,B
705,94,101,97,0,B
757,101,105,99,0,B
802,105,99,102,0,B
727,99,102,107,0,B
772,102,107,96,0,B
750,107,96,103,0,B
757,96,103,100,0,B
750,100,750,100,0,C
787,95,787,95,0,C
705,105,705,105,0,C
825,90,825,90,0,C
690,110,690,110,0,C
750,103,750,103,0,C
735,97,735,97,0,C
795,108,795,108,0,C
705,94,705,94,0,C
757,101,757,101,0,C
802,105,802,105,0,C
727,99,727,99,0,C
772,102,772,102,0,C
750,107,750,107,0,C
757,96,757,96,0,C
750,100,750,100,0,C
787,95,787,95,0,C
705,105,705,105,0,C
825,90,825,90,0,C
690,110,690,110,0,C
750,103,750,103,0,C
735,97,735,97,0,C
795,108,795,108,0,C
705,94,705,94,0,C
757,101,757,101,0,C
802,105,802,105,0,C
727,99,727,99,0,C
772,102,772,102,0,C
750,107,750,107,0,C
757,96,757,96,0,C
750,100,750,100,0,C
787,95,787,95,0,C
705,105,705,105,0,C
825,90,825,90,0,C
690,110,690,110,0,C
750,103,750,103,0,C
735,97,735,97,0,C
795,108,795,108,0,C
705,94,705,94,0,C
757,101,757,101,0,C
802,105,802,105,0,C
727,99,727,99,0,C
772,102,772,102,0,C
750,107,750,107,0,C
757,96,757,96,0,C
750,100,750,100,0,C
787,95,787,95,0,C
705,105,705,105,0,C
825,90,825,90,0,C
690,110,690,110,0,C
750,103,750,103,0,C
735,97,735,97,0,C
795,108,795,108,0,C
705,94,705,94,0,C
757,101,757,101,0,C
750,100,100,0,0,D
787,95,105,0,0,D
705,105,95,0,0,D
825,90,110,0,0,D
690,110,90,0,0,D
750,103,102,0,0,D
735,97,99,0,0,D
795,108,94,0,0,D
705,94,101,0,0,D
757,101,105,0,0,D
802,105,99,0,0,D
727,99,102,0,0,D
772,102,107,0,0,D
750,107,96,0,0,D
757,96,103,0,0,D
750,100,100,0,0,D
787,95,105,0,0,D
705,105,95,0,0,D
825,90,110,0,0,D
690,110,90,0,0,D
750,103,102,0,0,D
735,97,99,0,0,D
795,108,94,0,0,D
705,94,101,0,0,D
757,101,105,0,0,D
802,105,99,0,0,D
727,99,102,0,0,D
772,102,107,0,0,D
750,107,96,0,0,D
757,96,103,0,0,D
750,100,100,0,0,D
787,95,105,0,0,D
705,105,95,0,0,D
825,90,110,0,0,D
690,110,90,0,0,D
750,103,102,0,0,D
735,97,99,0,0,D
795,108,94,0,0,D
705,94,101,0,0,D
757,101,105,0,0,D
802,105,99,0,0,D
727,99,102,0,0,D
772,102,107,0,0,D
750,107,96,0,0,D
757,96,103,0,0,D
750,100,100,0,0,D
787,95,105,0,0,D
705,105,95,0,0,D
825,90,110,0,0,D
690,110,90,0,0,D
750,103,102,0,0,D
735,97,99,0,0,D
795,108,94,0,0,D
705,94,101,0,0,D
757,101,105,0,0,D
750,100,100,750,0,F
105,95,787,95,0,F
95,105,705,105,0,F
110,90,825,90,0,F
90,110,690,110,0,F
103,102,750,103,0,F
97,99,735,97,0,F
108,94,795,108,0,F
94,101,705,94,0,F
101,105,757,101,0,F
105,99,802,105,0,F
99,102,727,99,0,F
102,107,772,102,0,F
107,96,750,107,0,F
96,103,757,96,0,F
100,100,750,100,0,F
105,95,787,95,0,F
95,105,705,105,0,F
110,90,825,90,0,F
90,110,690,110,0,F
103,102,750,103,0,F
97,99,735,97,0,F
108,94,795,108,0,F
94,101,705,94,0,F
101,105,757,101,0,F
105,99,802,105,0,F
99,102,727,99,0,F
102,107,772,102,0,F
107,96,750,107,0,F
96,103,757,96,0,F
100,100,750,100,0,F
105,95,787,95,0,F
95,105,705,105,0,F
110,90,825,90,0,F
90,110,690,110,0,F
103,102,750,103,0,F
97,99,735,97,0,F
108,94,795,108,0,F
94,101,705,94,0,F
101,105,757,101,0,F
105,99,802,105,0,F
99,102,727,99,0,F
102,107,772,102,0,F
107,96,750,107,0,F
96,103,757,96,0,F
750,750,100,0,0,G
787,787,95,0,0,G
705,705,105,0,0,G
825,825,90,0,0,G
690,690,110,0,0,G
750,750,103,0,0,G
735,735,97,0,0,G
795,795,108,0,0,G
705,705,94,0,0,G
757,757,101,0,0,G
802,802,105,0,0,G
727,727,99,0,0,G
772,772,102,0,0,G
750,750,107,0,0,G
757,757,96,0,0,G
750,750,100,0,0,G
787,787,95,0,0,G
705,705,105,0,0,G
825,825,90,0,0,G
690,690,110,0,0,G
750,750,103,0,0,G
735,735,97,0,0,G
795,795,108,0,0,G
705,705,94,0,0,G
757,757,101,0,0,G
802,802,105,0,0,G
727,727,99,0,0,G
772,772,102,0,0,G
750,750,107,0,0,G
757,757,96,0,0,G
750,750,100,0,0,G
787,787,95,0,0,G
705,705,105,0,0,G
825,825,90,0,0,G
690,690,110,0,0,G
750,750,103,0,0,G
735,735,97,0,0,G
795,795,108,0,0,G
705,705,94,0,0,G
757,757,101,0,0,G
802,802,105,0,0,G
727,727,99,0,0,G
772,772,102,0,0,G
750,750,107,0,0,G
757,757,96,0,0,G
100,100,100,100,0,H
105,95,105,95,0,H
95,105,95,105,0,H
110,90,110,90,0,H
90,110,90,110,0,H
103,102,103,102,0,H
97,99,97,99,0,H
108,94,108,94,0,H
94,101,94,101,0,H
101,105,101,105,0,H
105,99,105,99,0,H
99,102,99,102,0,H
102,107,102,107,0,H
107,96,107,96,0,H
96,103,96,103,0,H
100,100,100,100,0,H
105,95,105,95,0,H
95,105,95,105,0,H
110,90,110,90,0,H
90,110,90,110,0,H
103,102,103,102,0,H
97,99,97,99,0,H
108,94,108,94,0,H
94,101,94,101,0,H
101,105,101,105,0,H
105,99,105,99,0,H
99,102,99,102,0,H
102,107,102,107,0,H
107,96,107,96,0,H
96,103,96,103,0,H
100,100,100,100,0,H
105,95,105,95,0,H
95,105,95,105,0,H
110,90,110,90,0,H
90,110,90,110,0,H
103,102,103,102,0,H
97,99,97,99,0,H
108,94,108,94,0,H
94,101,94,101,0,H
101,105,101,105,0,H
105,99,105,99,0,H
99,102,99,102,0,H
102,107,102,107,0,H
107,96,107,96,0,H
96,103,96,103,0,H
100,100,100,100,0,H
105,95,105,95,0,H
95,105,95,105,0,H
110,90,110,90,0,H
90,110,90,110,0,H
103,102,103,102,0,H
97,99,97,99,0,H
108,94,108,94,0,H
94,101,94,101,0,H
101,105,101,105,0,H
105,99,105,99,0,H
99,102,99,102,0,H
102,107,102,107,0,H
107,96,107,96,0,H
96,103,96,103,0,H
100,100,0,0,0,I
105,95,0,0,0,I
95,105,0,0,0,I
110,90,0,0,0,I
90,110,0,0,0,I
103,102,0,0,0,I
97,99,0,0,0,I
108,94,0,0,0,I
94,101,0,0,0,I
101,105,0,0,0,I
105,99,0,0,0,I
99,102,0,0,0,I
102,107,0,0,0,I
107,96,0,0,0,I
96,103,0,0,0,I
100,100,0,0,0,I
105,95,0,0,0,I
95,105,0,0,0,I
110,90,0,0,0,I
90,110,0,0,0,I
103,102,0,0,0,I
97,99,0,0,0,I
108,94,0,0,0,I
94,101,0,0,0,I
101,105,0,0,0,I
105,99,0,0,0,I
99,102,0,0,0,I
102,107,0,0,0,I
107,96,0,0,0,I
96,103,0,0,0,I
100,100,0,0,0,I
105,95,0,0,0,I
95,105,0,0,0,I
110,90,0,0,0,I
90,110,0,0,0,I
103,102,0,0,0,I
97,99,0,0,0,I
108,94,0,0,0,I
94,101,0,0,0,I
101,105,0,0,0,I
105,99,0,0,0,I
99,102,0,0,0,I
102,107,0,0,0,I
107,96,0,0,0,I
96,103,0,0,0,I
100,750,750,750,0,J
105,787,787,787,0,J
95,705,705,705,0,J
110,825,825,825,0,J
90,690,690,690,0,J
103,750,750,750,0,J
97,735,735,735,0,J
108,795,795,795,0,J
94,705,705,705,0,J
101,757,757,757,0,J
105,802,802,802,0,J
99,727,727,727,0,J
102,772,772,772,0,J
107,750,750,750,0,J
96,757,757,757,0,J
100,750,750,750,0,J
105,787,787,787,0,J
95,705,705,705,0,J
110,825,825,825,0,J
90,690,690,690,0,J
103,750,750,750,0,J
97,735,735,735,0,J
108,795,795,795,0,J
94,705,705,705,0,J
101,757,757,757,0,J
105,802,802,802,0,J
103,750,750,750,0,J
97,735,735,735,0,J
108,795,795,795,0,J
94,705,705,705,0,J
101,757,757,757,0,J
105,802,802,802,0,J
99,727,727,727,0,J
102,772,772,772,0,J
107,750,750,750,0,J
96,757,757,757,0,J
750,100,750,0,0,K
787,95,787,0,0,K
705,105,705,0,0,K
825,90,825,0,0,K
690,110,690,0,0,K
750,103,750,0,0,K
735,97,735,0,0,K
795,108,795,0,0,K
705,94,705,0,0,K
757,101,757,0,0,K
802,105,802,0,0,K
727,99,727,0,0,K
772,102,772,0,0,K
750,107,750,0,0,K
757,96,757,0,0,K
750,100,750,0,0,K
787,95,787,0,0,K
705,105,705,0,0,K
825,90,825,0,0,K
690,110,690,0,0,K
750,103,750,0,0,K
735,97,735,0,0,K
795,108,795,0,0,K
705,94,705,0,0,K
757,101,757,0,0,K
802,105,802,0,0,K
727,99,727,0,0,K
772,102,772,0,0,K
750,107,750,0,0,K
757,96,757,0,0,K
750,100,750,0,0,K
787,95,787,0,0,K
705,105,705,0,0,K
825,90,825,0,0,K
690,110,690,0,0,K
750,103,750,0,0,K
735,97,735,0,0,K
795,108,795,0,0,K
705,94,705,0,0,K
757,101,757,0,0,K
802,105,802,0,0,K
727,99,727,0,0,K
772,102,772,0,0,K
750,107,750,0,0,K
757,96,757,0,0,K
100,750,100,100,0,L
105,787,105,95,0,L
95,705,95,105,0,L
110,825,110,90,0,L
90,690,90,110,0,L
103,750,103,102,0,L
97,735,97,99,0,L
108,795,108,94,0,L
94,705,94,101,0,L
101,757,101,105,0,L
105,802,105,99,0,L
99,727,99,102,0,L
102,772,102,107,0,L
107,750,107,96,0,L
96,757,96,103,0,L
100,750,100,100,0,L
105,787,105,95,0,L
95,705,95,105,0,L
110,825,110,90,0,L
90,690,90,110,0,L
103,750,103,102,0,L
97,735,97,99,0,L
108,795,108,94,0,L
94,705,94,101,0,L
101,757,101,105,0,L
105,802,105,99,0,L
99,727,99,102,0,L
102,772,102,107,0,L
107,750,107,96,0,L
96,757,96,103,0,L
100,750,100,100,0,L
105,787,105,95,0,L
95,705,95,105,0,L
110,825,110,90,0,L
90,690,90,110,0,L
103,750,103,102,0,L
97,735,97,99,0,L
108,795,108,94,0,L
94,705,94,101,0,L
101,757,101,105,0,L
105,802,105,99,0,L
99,727,99,102,0,L
102,772,102,107,0,L
107,750,107,96,0,L
96,757,96,103,0,L
750,750,0,0,0,M
787,787,0,0,0,M
705,705,0,0,0,M
825,825,0,0,0,M
690,690,0,0,0,M
750,750,0,0,0,M
735,735,0,0,0,M
795,795,0,0,0,M
705,705,0,0,0,M
757,757,0,0,0,M
802,802,0,0,0,M
727,727,0,0,0,M
772,772,0,0,0,M
750,750,0,0,0,M
757,757,0,0,0,M
750,750,0,0,0,M
787,787,0,0,0,M
705,705,0,0,0,M
825,825,0,0,0,M
690,690,0,0,0,M
750,750,0,0,0,M
735,735,0,0,0,M
795,795,0,0,0,M
705,705,0,0,0,M
757,757,0,0,0,M
802,802,0,0,0,M
727,727,0,0,0,M
772,772,0,0,0,M
750,750,0,0,0,M
757,757,0,0,0,M
750,750,0,0,0,M
787,787,0,0,0,M
705,705,0,0,0,M
825,825,0,0,0,M
690,690,0,0,0,M
750,750,0,0,0,M
735,735,0,0,0,M
795,795,0,0,0,M
705,705,0,0,0,M
757,757,0,0,0,M
802,802,0,0,0,M
727,727,0,0,0,M
772,772,0,0,0,M
750,750,0,0,0,M
757,757,0,0,0,M
750,100,0,0,0,N
787,95,0,0,0,N
705,105,0,0,0,N
825,90,0,0,0,N
690,110,0,0,0,N
750,103,0,0,0,N
735,97,0,0,0,N
795,108,0,0,0,N
705,94,0,0,0,N
757,101,0,0,0,N
802,105,0,0,0,N
727,99,0,0,0,N
772,102,0,0,0,N
750,107,0,0,0,N
757,96,0,0,0,N
750,100,0,0,0,N
787,95,0,0,0,N
705,105,0,0,0,N
825,90,0,0,0,N
690,110,0,0,0,N
750,103,0,0,0,N
735,97,0,0,0,N
795,108,0,0,0,N
705,94,0,0,0,N
757,101,0,0,0,N
802,105,0,0,0,N
727,99,0,0,0,N
772,102,0,0,0,N
750,107,0,0,0,N
757,96,0,0,0,N
750,100,0,0,0,N
787,95,0,0,0,N
705,105,0,0,0,N
825,90,0,0,0,N
690,110,0,0,0,N
750,103,0,0,0,N
735,97,0,0,0,N
795,108,0,0,0,N
705,94,0,0,0,N
757,101,0,0,0,N
802,105,0,0,0,N
727,99,0,0,0,N
772,102,0,0,0,N
750,107,0,0,0,N
757,96,0,0,0,N
750,750,750,0,0,O
787,787,787,0,0,O
705,705,705,0,0,O
825,825,825,0,0,O
690,690,690,0,0,O
750,750,750,0,0,O
735,735,735,0,0,O
795,795,795,0,0,O
705,705,705,0,0,O
757,757,757,0,0,O
802,802,802,0,0,O
727,727,727,0,0,O
772,772,772,0,0,O
750,750,750,0,0,O
757,757,757,0,0,O
750,750,750,0,0,O
787,787,787,0,0,O
705,705,705,0,0,O
825,825,825,0,0,O
690,690,690,0,0,O
750,750,750,0,0,O
735,735,735,0,0,O
795,795,795,0,0,O
705,705,705,0,0,O
757,757,757,0,0,O
802,802,802,0,0,O
727,727,727,0,0,O
772,772,772,0,0,O
750,750,750,0,0,O
757,757,757,0,0,O
750,750,750,0,0,O
787,787,787,0,0,O
705,705,705,0,0,O
825,825,825,0,0,O
690,690,690,0,0,O
750,750,750,0,0,O
735,735,735,0,0,O
795,795,795,0,0,O
705,705,705,0,0,O
757,757,757,0,0,O
802,802,802,0,0,O
727,727,727,0,0,O
772,772,772,0,0,O
750,750,750,0,0,O
757,757,757,0,0,O
100,750,750,100,0,P
105,787,787,95,0,P
95,705,705,105,0,P
110,825,825,90,0,P
90,690,690,110,0,P
103,750,750,103,0,P
97,735,735,97,0,P
108,795,795,108,0,P
94,705,705,94,0,P
101,757,757,101,0,P
105,802,802,105,0,P
99,727,727,99,0,P
102,772,772,102,0,P
107,750,750,107,0,P
96,757,757,96,0,P
100,750,750,100,0,P
105,787,787,95,0,P
95,705,705,105,0,P
110,825,825,90,0,P
90,690,690,110,0,P
103,750,750,103,0,P
97,735,735,97,0,P
108,795,795,108,0,P
94,705,705,94,0,P
101,757,757,101,0,P
105,802,802,105,0,P
99,727,727,99,0,P
102,772,772,102,0,P
107,750,750,107,0,P
96,757,757,96,0,P
100,750,750,100,0,P
105,787,787,95,0,P
95,705,705,105,0,P
110,825,825,90,0,P
90,690,690,110,0,P
103,750,750,103,0,P
97,735,735,97,0,P
108,795,795,108,0,P
94,705,705,94,0,P
101,757,757,101,0,P
105,802,802,105,0,P
99,727,727,99,0,P
102,772,772,102,0,P
107,750,750,107,0,P
96,757,757,96,0,P
750,750,100,750,0,Q
787,787,95,787,0,Q
705,705,105,705,0,Q
825,825,90,825,0,Q
690,690,110,690,0,Q
750,750,103,750,0,Q
735,735,97,735,0,Q
795,795,108,795,0,Q
705,705,94,705,0,Q
757,757,101,757,0,Q
802,802,105,802,0,Q
727,727,99,727,0,Q
772,772,102,772,0,Q
750,750,107,750,0,Q
757,757,96,757,0,Q
750,750,100,750,0,Q
787,787,95,787,0,Q
705,705,105,705,0,Q
825,825,90,825,0,Q
690,690,110,690,0,Q
750,750,103,750,0,Q
735,735,97,735,0,Q
795,795,108,795,0,Q
705,705,94,705,0,Q
757,757,101,757,0,Q
802,802,105,802,0,Q
727,727,99,727,0,Q
772,772,102,772,0,Q
750,750,107,750,0,Q
757,757,96,757,0,Q
750,750,100,750,0,Q
787,787,95,787,0,Q
705,705,105,705,0,Q
825,825,90,825,0,Q
690,690,110,690,0,Q
750,750,103,750,0,Q
735,735,97,735,0,Q
795,795,108,795,0,Q
705,705,94,705,0,Q
757,757,101,757,0,Q
802,802,105,802,0,Q
727,727,99,727,0,Q
772,772,102,772,0,Q
750,750,107,750,0,Q
757,757,96,757,0,Q
100,750,100,0,0,R
105,787,105,0,0,R
95,705,95,0,0,R
110,825,110,0,0,R
90,690,90,0,0,R
103,750,103,0,0,R
97,735,97,0,0,R
108,795,108,0,0,R
94,705,94,0,0,R
101,757,101,0,0,R
105,802,105,0,0,R
99,727,99,0,0,R
102,772,102,0,0,R
107,750,107,0,0,R
96,757,96,0,0,R
100,750,100,0,0,R
105,787,105,0,0,R
95,705,95,0,0,R
110,825,110,0,0,R
90,690,90,0,0,R
103,750,103,0,0,R
97,735,97,0,0,R
108,795,108,0,0,R
94,705,94,0,0,R
101,757,101,0,0,R
105,802,105,0,0,R
99,727,99,0,0,R
102,772,102,0,0,R
107,750,107,0,0,R
96,757,96,0,0,R
100,750,100,0,0,R
105,787,105,0,0,R
95,705,95,0,0,R
110,825,110,0,0,R
90,690,90,0,0,R
103,750,103,0,0,R
97,735,97,0,0,R
108,795,108,0,0,R
94,705,94,0,0,R
101,757,101,0,0,R
105,802,105,0,0,R
99,727,99,0,0,R
102,772,102,0,0,R
107,750,107,0,0,R
96,757,96,0,0,R
100,100,100,0,0,S
105,95,105,0,0,S
95,105,95,0,0,S
110,90,110,0,0,S
90,110,90,0,0,S
103,102,103,0,0,S
97,99,97,0,0,S
108,94,108,0,0,S
94,101,94,0,0,S
101,105,101,0,0,S
105,99,105,0,0,S
99,102,99,0,0,S
102,107,102,0,0,S
107,96,107,0,0,S
96,103,96,0,0,S
100,100,100,0,0,S
105,95,105,0,0,S
95,105,95,0,0,S
110,90,110,0,0,S
90,110,90,0,0,S
103,102,103,0,0,S
97,99,97,0,0,S
108,94,108,0,0,S
94,101,94,0,0,S
101,105,101,0,0,S
105,99,105,0,0,S
99,102,99,0,0,S
102,107,102,0,0,S
107,96,107,0,0,S
96,103,96,0,0,S
100,100,100,0,0,S
105,95,105,0,0,S
95,105,95,0,0,S
110,90,110,0,0,S
90,110,90,0,0,S
103,102,103,0,0,S
97,99,97,0,0,S
108,94,108,0,0,S
94,101,94,0,0,S
101,105,101,0,0,S
105,99,105,0,0,S
99,102,99,0,0,S
102,107,102,0,0,S
107,96,107,0,0,S
96,103,96,0,0,S
750,0,0,0,0,T
787,0,0,0,0,T
705,0,0,0,0,T
825,0,0,0,0,T
690,0,0,0,0,T
750,0,0,0,0,T
735,0,0,0,0,T
795,0,0,0,0,T
705,0,0,0,0,T
757,0,0,0,0,T
802,0,0,0,0,T
727,0,0,0,0,T
772,0,0,0,0,T
750,0,0,0,0,T
757,0,0,0,0,T
750,0,0,0,0,T
787,0,0,0,0,T
705,0,0,0,0,T
825,0,0,0,0,T
690,0,0,0,0,T
750,0,0,0,0,T
735,0,0,0,0,T
795,0,0,0,0,T
705,0,0,0,0,T
757,0,0,0,0,T
802,0,0,0,0,T
727,0,0,0,0,T
772,0,0,0,0,T
750,0,0,0,0,T
757,0,0,0,0,T
750,0,0,0,0,T
787,0,0,0,0,T
705,0,0,0,0,T
825,0,0,0,0,T
690,0,0,0,0,T
750,0,0,0,0,T
735,0,0,0,0,T
795,0,0,0,0,T
705,0,0,0,0,T
757,0,0,0,0,T
802,0,0,0,0,T
727,0,0,0,0,T
772,0,0,0,0,T
750,0,0,0,0,T
757,0,0,0,0,T
100,100,750,0,0,U
105,95,787,0,0,U
95,105,705,0,0,U
110,90,825,0,0,U
90,110,690,0,0,U
103,102,750,0,0,U
97,99,735,0,0,U
108,94,795,0,0,U
94,101,705,0,0,U
101,105,757,0,0,U
105,99,802,0,0,U
99,102,727,0,0,U
102,107,772,0,0,U
107,96,750,0,0,U
96,103,757,0,0,U
100,100,750,0,0,U
105,95,787,0,0,U
95,105,705,0,0,U
110,90,825,0,0,U
90,110,690,0,0,U
103,102,750,0,0,U
97,99,735,0,0,U
108,94,795,0,0,U
94,101,705,0,0,U
101,105,757,0,0,U
105,99,802,0,0,U
99,102,727,0,0,U
102,107,772,0,0,U
107,96,750,0,0,U
96,103,757,0,0,U
100,100,750,0,0,U
105,95,787,0,0,U
95,105,705,0,0,U
110,90,825,0,0,U
90,110,690,0,0,U
103,102,750,0,0,U
97,99,735,0,0,U
108,94,795,0,0,U
94,101,705,0,0,U
101,105,757,0,0,U
105,99,802,0,0,U
99,102,727,0,0,U
102,107,772,0,0,U
107,96,750,0,0,U
96,103,757,0,0,U
100,100,100,750,0,V
105,95,105,787,0,V
95,105,95,705,0,V
110,90,110,825,0,V
90,110,90,690,0,V
103,102,103,750,0,V
97,99,97,735,0,V
108,94,108,795,0,V
94,101,94,705,0,V
101,105,101,757,0,V
105,99,105,802,0,V
99,102,99,727,0,V
102,107,102,772,0,V
107,96,107,750,0,V
96,103,96,757,0,V
100,100,100,750,0,V
105,95,105,787,0,V
95,105,95,705,0,V
110,90,110,825,0,V
90,110,90,690,0,V
103,102,103,750,0,V
97,99,97,735,0,V
108,94,108,795,0,V
94,101,94,705,0,V
101,105,101,757,0,V
105,99,105,802,0,V
99,102,99,727,0,V
102,107,102,772,0,V
107,96,107,750,0,V
96,103,96,757,0,V
100,100,100,750,0,V
105,95,105,787,0,V
95,105,95,705,0,V
110,90,110,825,0,V
90,110,90,690,0,V
103,102,103,750,0,V
97,99,97,735,0,V
108,94,108,795,0,V
94,101,94,705,0,V
101,105,101,757,0,V
105,99,105,802,0,V
99,102,99,727,0,V
102,107,102,772,0,V
107,96,107,750,0,V
96,103,96,757,0,V
750,100,750,0,0,W
787,105,787,0,0,W
705,95,705,0,0,W
825,110,825,0,0,W
690,90,690,0,0,W
750,103,750,0,0,W
735,97,735,0,0,W
795,108,795,0,0,W
705,94,705,0,0,W
757,101,757,0,0,W
802,105,802,0,0,W
727,99,727,0,0,W
772,102,772,0,0,W
750,107,750,0,0,W
757,96,757,0,0,W
750,100,750,0,0,W
787,105,787,0,0,W
705,95,705,0,0,W
825,110,825,0,0,W
690,90,690,0,0,W
750,103,750,0,0,W
735,97,735,0,0,W
795,108,795,0,0,W
705,94,705,0,0,W
757,101,757,0,0,W
802,105,802,0,0,W
727,99,727,0,0,W
772,102,772,0,0,W
750,107,750,0,0,W
757,96,757,0,0,W
750,100,750,0,0,W
787,105,787,0,0,W
705,95,705,0,0,W
825,110,825,0,0,W
690,90,690,0,0,W
750,103,750,0,0,W
735,97,735,0,0,W
795,108,795,0,0,W
705,94,705,0,0,W
757,101,757,0,0,W
802,105,802,0,0,W
727,99,727,0,0,W
772,102,772,0,0,W
750,107,750,0,0,W
757,96,757,0,0,W
750,100,100,750,0,X
787,95,105,787,0,X
705,105,95,705,0,X
825,90,110,825,0,X
690,110,90,690,0,X
750,103,102,750,0,X
735,97,99,735,0,X
795,108,94,795,0,X
705,94,101,705,0,X
757,101,105,757,0,X
802,105,99,802,0,X
727,99,102,727,0,X
772,102,107,772,0,X
750,107,96,750,0,X
757,96,103,757,0,X
750,100,100,750,0,X
787,95,105,787,0,X
705,105,95,705,0,X
825,90,110,825,0,X
690,110,90,690,0,X
750,103,102,750,0,X
735,97,99,735,0,X
795,108,94,795,0,X
705,94,101,705,0,X
757,101,105,757,0,X
802,105,99,802,0,X
727,99,102,727,0,X
772,102,107,772,0,X
750,107,96,750,0,X
757,96,103,757,0,X
750,100,100,750,0,X
787,95,105,787,0,X
705,105,95,705,0,X
825,90,110,825,0,X
690,110,90,690,0,X
750,103,102,750,0,X
735,97,99,735,0,X
795,108,94,795,0,X
705,94,101,705,0,X
757,101,105,757,0,X
802,105,99,802,0,X
727,99,102,727,0,X
772,102,107,772,0,X
750,107,96,750,0,X
757,96,103,757,0,X
750,750,750,0,0,Y
787,787,787,0,0,Y
705,705,705,0,0,Y
825,825,825,0,0,Y
690,690,690,0,0,Y
750,750,750,0,0,Y
735,735,735,0,0,Y
795,795,795,0,0,Y
705,705,705,0,0,Y
757,757,757,0,0,Y
802,802,802,0,0,Y
727,727,727,0,0,Y
772,772,772,0,0,Y
750,750,750,0,0,Y
757,757,757,0,0,Y
750,750,750,0,0,Y
787,787,787,0,0,Y
705,705,705,0,0,Y
825,825,825,0,0,Y
690,690,690,0,0,Y
750,750,750,0,0,Y
735,735,735,0,0,Y
795,795,795,0,0,Y
705,705,705,0,0,Y
757,757,757,0,0,Y
802,802,802,0,0,Y
727,727,727,0,0,Y
772,772,772,0,0,Y
750,750,750,0,0,Y
757,757,757,0,0,Y
750,750,750,0,0,Y
787,787,787,0,0,Y
705,705,705,0,0,Y
825,825,825,0,0,Y
690,690,690,0,0,Y
750,750,750,0,0,Y
735,735,735,0,0,Y
795,795,795,0,0,Y
705,705,705,0,0,Y
757,757,757,0,0,Y
802,802,802,0,0,Y
727,727,727,0,0,Y
772,772,772,0,0,Y
750,750,750,0,0,Y
757,757,757,0,0,Y
750,750,100,100,0,Z
787,787,95,105,0,Z
705,705,105,95,0,Z
825,825,90,110,0,Z
690,690,110,90,0,Z
750,750,103,102,0,Z
735,735,97,99,0,Z
795,795,108,94,0,Z
705,705,94,101,0,Z
757,757,101,105,0,Z
802,802,105,99,0,Z
727,727,99,102,0,Z
772,772,102,107,0,Z
750,750,107,96,0,Z
757,757,96,103,0,Z
750,750,100,100,0,Z
787,787,95,105,0,Z
705,705,105,95,0,Z
825,825,90,110,0,Z
690,690,110,90,0,Z
750,750,103,102,0,Z
735,735,97,99,0,Z
795,795,108,94,0,Z
705,705,94,101,0,Z
757,757,101,105,0,Z
802,802,105,99,0,Z
727,727,99,102,0,Z
772,772,102,107,0,Z
750,750,107,96,0,Z
757,757,96,103,0,Z
750,750,100,100,0,Z
787,787,95,105,0,Z
705,705,105,95,0,Z
825,825,90,110,0,Z
690,690,110,90,0,Z
750,750,103,102,0,Z
735,735,97,99,0,Z
795,795,108,94,0,Z
705,705,94,101,0,Z
757,757,101,105,0,Z
802,802,105,99,0,Z
727,727,99,102,0,Z
772,772,102,107,0,Z
750,750,107,96,0,Z
757,757,96,103,0,Z
572,0,0,0,0,T
587,0,0,0,0,T
756,0,0,0,0,T
677,0,0,0,0,T
409,0,0,0,0,T
396,0,0,0,0,T
445,0,0,0,0,T
456,0,0,0,0,T
424,0,0,0,0,T
450,0,0,0,0,T
984,0,0,0,0,T
948,0,0,0,0,T
962,0,0,0,0,T
469,0,0,0,0,T
552,0,0,0,0,T
421,0,0,0,0,T
551,0,0,0,0,T
595,0,0,0,0,T
447,0,0,0,0,T
456,0,0,0,0,T
511,0,0,0,0,T
465,0,0,0,0,T
474,0,0,0,0,T
396,0,0,0,0,T
673,0,0,0,0,T
973,0,0,0,0,T
610,0,0,0,0,T
457,0,0,0,0,T
610,0,0,0,0,T
868,0,0,0,0,T
623,0,0,0,0,T
541,0,0,0,0,T
670,0,0,0,0,T
664,0,0,0,0,T
676,0,0,0,0,T
600,0,0,0,0,T
826,0,0,0,0,T
878,0,0,0,0,T
844,0,0,0,0,T
807,0,0,0,0,T
808,0,0,0,0,T
778,0,0,0,0,T
732,0,0,0,0,T
805,0,0,0,0,T
704,0,0,0,0,T
988,0,0,0,0,T
807,0,0,0,0,T
715,0,0,0,0,T
162,482,543,0,0,W
122,695,554,0,0,W
139,772,721,0,0,W
323,982,816,0,0,W
166,830,667,0,0,W
220,760,701,0,0,W
166,742,655,0,0,W
228,781,726,0,0,W
239,902,857,0,0,W
210,956,777,0,0,W
247,835,760,0,0,W
210,830,789,0,0,W
174,840,730,0,0,W
177,787,636,0,0,W
240,780,754,0,0,W
329,971,772,0,0,W
212,988,648,0,0,W
234,715,540,0,0,W
230,563,517,0,0,W
170,707,546,0,0,W
183,592,594,0,0,W
173,629,526,0,0,W
201,719,556,0,0,W
223,590,616,0,0,W
365,808,493,0,0,W
285,716,586,0,0,W
210,654,572,0,0,W
161,705,634,0,0,W
177,716,646,0,0,W
154,808,611,0,0,W
227,631,821,0,0,W
223,741,572,0,0,W
381,791,655,0,0,W
196,692,553,0,0,W
195,659,516,0,0,W
225,772,514,0,0,W
259,813,618,0,0,W
217,587,485,0,0,W
164,702,513,0,0,W
174,666,586,0,0,W
162,522,522,0,0,W
528,148,458,383,0,Y
544,199,398,454,0,Y
462,230,451,523,0,Y
433,231,453,435,0,Y
571,249,456,446,0,Y
761,173,471,583,0,Y
568,243,482,445,0,Y
637,198,469,480,0,Y
656,258,526,533,0,Y
798,257,519,556,0,Y
785,227,478,453,0,Y
536,247,450,478,0,Y
716,180,487,499,0,Y
471,284,680,533,0,Y
648,229,733,537,0,Y
780,234,719,539,0,Y
836,274,494,583,0,Y
795,253,685,549,0,Y
627,229,618,497,0,Y
747,264,788,587,0,Y
805,277,949,623,0,Y
773,242,868,549,0,Y
